DB00001	Lepirudin
DB00002	Cetuximab
DB00003	Dornase alfa
DB00004	Denileukin diftitox
DB00005	Etanercept
DB00007	Leuprolide
DB00008	Peginterferon alfa-2a
DB00009	Alteplase
DB00010	Sermorelin
DB00013	Urokinase
DB00014	Goserelin
DB00015	Reteplase
DB00016	Erythropoietin
DB00017	Salmon Calcitonin
DB00019	Pegfilgrastim
DB00020	Sargramostim
DB00022	Peginterferon alfa-2b
DB00023	Asparaginase
DB00026	Anakinra
DB00027	Gramicidin D
DB00030	Insulin Human
DB00031	Tenecteplase
DB00035	Desmopressin
DB00036	Coagulation factor VIIa Recombinant Human
DB00038	Oprelvekin
DB00039	Palifermin
DB00040	Glucagon recombinant
DB00041	Aldesleukin
DB00043	Omalizumab
DB00046	Insulin Lispro
DB00047	Insulin Glargine
DB00048	Collagenase clostridium histolyticum
DB00049	Rasburicase
DB00051	Adalimumab
DB00052	Somatropin recombinant
DB00053	Imiglucerase
DB00056	Gemtuzumab ozogamicin
DB00059	Pegaspargase
DB00060	Interferon beta-1a
DB00063	Eptifibatide
DB00065	Infliximab
DB00067	Vasopressin
DB00068	Interferon beta-1b
DB00072	Trastuzumab
DB00073	Rituximab
DB00074	Basiliximab
DB00078	Ibritumomab tiuxetan
DB00080	Daptomycin
DB00082	Pegvisomant
DB00085	Pancrelipase
DB00087	Alemtuzumab
DB00088	Alglucerase
DB00090	Laronidase
DB00091	Cyclosporine
DB00092	Alefacept
DB00095	Efalizumab
DB00099	Filgrastim
DB00100	Coagulation Factor IX
DB00102	Becaplermin
DB00103	Agalsidase beta
DB00104	Octreotide
DB00106	Abarelix
DB00107	Oxytocin
DB00108	Natalizumab
DB00109	Enfuvirtide
DB00110	Palivizumab
DB00111	Daclizumab
DB00112	Bevacizumab
DB00115	Cyanocobalamin
DB00121	Biotin
DB00122	Choline
DB00126	Vitamin C
DB00128	L-Aspartic Acid
DB00130	L-Glutamine
DB00131	Adenosine monophosphate
DB00133	L-Serine
DB00136	Calcitriol
DB00137	Xanthophyll
DB00139	Succinic acid
DB00140	Riboflavin
DB00145	Glycine
DB00146	Calcidiol
DB00151	L-Cysteine
DB00152	Thiamine
DB00153	Ergocalciferol
DB00158	Folic Acid
DB00159	Icosapent
DB00162	Vitamin A
DB00163	Vitamin E
DB00165	Pyridoxine
DB00166	Lipoic Acid
DB00169	Cholecalciferol
DB00175	Pravastatin
DB00176	Fluvoxamine
DB00177	Valsartan
DB00178	Ramipril
DB00179	Masoprocol
DB00180	Flunisolide
DB00181	Baclofen
DB00182	Amphetamine
DB00184	Nicotine
DB00186	Lorazepam
DB00187	Esmolol
DB00188	Bortezomib
DB00189	Ethchlorvynol
DB00190	Carbidopa
DB00191	Phentermine
DB00193	Tramadol
DB00194	Vidarabine
DB00195	Betaxolol
DB00196	Fluconazole
DB00198	Oseltamivir
DB00199	Erythromycin
DB00200	Hydroxocobalamin
DB00201	Caffeine
DB00203	Sildenafil
DB00205	Pyrimethamine
DB00206	Reserpine
DB00207	Azithromycin
DB00208	Ticlopidine
DB00209	Trospium
DB00210	Adapalene
DB00211	Midodrine
DB00213	Pantoprazole
DB00214	Torasemide
DB00215	Citalopram
DB00216	Eletriptan
DB00218	Moxifloxacin
DB00220	Nelfinavir
DB00222	Glimepiride
DB00223	Diflorasone
DB00224	Indinavir
DB00226	Guanadrel
DB00227	Lovastatin
DB00230	Pregabalin
DB00231	Temazepam
DB00232	Methyclothiazide
DB00233	Aminosalicylic Acid
DB00234	Reboxetine
DB00235	Milrinone
DB00237	Butabarbital
DB00238	Nevirapine
DB00239	Oxiconazole
DB00240	Alclometasone
DB00241	Butalbital
DB00242	Cladribine
DB00243	Ranolazine
DB00244	Mesalazine
DB00245	Benzatropine
DB00246	Ziprasidone
DB00248	Cabergoline
DB00249	Idoxuridine
DB00250	Dapsone
DB00251	Terconazole
DB00252	Phenytoin
DB00253	Medrysone
DB00254	Doxycycline
DB00257	Clotrimazole
DB00258	Calcium Acetate
DB00259	Sulfanilamide
DB00260	Cycloserine
DB00261	Anagrelide
DB00262	Carmustine
DB00263	Sulfisoxazole
DB00264	Metoprolol
DB00265	Crotamiton
DB00266	Dicoumarol
DB00268	Ropinirole
DB00270	Isradipine
DB00273	Topiramate
DB00274	Cefmetazole
DB00275	Olmesartan
DB00277	Theophylline
DB00278	Argatroban
DB00279	Liothyronine
DB00280	Disopyramide
DB00281	Lidocaine
DB00282	Pamidronate
DB00283	Clemastine
DB00284	Acarbose
DB00285	Venlafaxine
DB00286	Conjugated Estrogens
DB00287	Travoprost
DB00288	Amcinonide
DB00289	Atomoxetine
DB00290	Bleomycin
DB00291	Chlorambucil
DB00295	Morphine
DB00297	Bupivacaine
DB00299	Penciclovir
DB00300	Tenofovir
DB00302	Tranexamic Acid
DB00303	Ertapenem
DB00305	Mitomycin
DB00306	Talbutal
DB00307	Bexarotene
DB00309	Vindesine
DB00310	Chlorthalidone
DB00312	Pentobarbital
DB00313	Valproic Acid
DB00314	Capreomycin
DB00315	Zolmitriptan
DB00316	Acetaminophen
DB00317	Gefitinib
DB00318	Codeine
DB00319	Piperacillin
DB00320	Dihydroergotamine
DB00321	Amitriptyline
DB00322	Floxuridine
DB00323	Tolcapone
DB00324	Fluorometholone
DB00325	Nitroprusside
DB00326	Calcium Gluceptate
DB00327	Hydromorphone
DB00328	Indomethacin
DB00330	Ethambutol
DB00331	Metformin
DB00332	Ipratropium bromide
DB00333	Methadone
DB00334	Olanzapine
DB00335	Atenolol
DB00336	Nitrofural
DB00338	Omeprazole
DB00339	Pyrazinamide
DB00340	Metixene
DB00341	Cetirizine
DB00343	Diltiazem
DB00344	Protriptyline
DB00346	Alfuzosin
DB00347	Trimethadione
DB00348	Nitisinone
DB00349	Clobazam
DB00350	Minoxidil
DB00351	Megestrol acetate
DB00352	Tioguanine
DB00353	Methylergometrine
DB00354	Buclizine
DB00355	Aztreonam
DB00356	Chlorzoxazone
DB00357	Aminoglutethimide
DB00358	Mefloquine
DB00359	Sulfadiazine
DB00360	Sapropterin
DB00361	Vinorelbine
DB00362	Anidulafungin
DB00363	Clozapine
DB00364	Sucralfate
DB00366	Doxylamine
DB00367	Levonorgestrel
DB00368	Norepinephrine
DB00370	Mirtazapine
DB00371	Meprobamate
DB00373	Timolol
DB00374	Treprostinil
DB00375	Colestipol
DB00376	Trihexyphenidyl
DB00377	Palonosetron
DB00379	Mexiletine
DB00381	Amlodipine
DB00383	Oxyphencyclimine
DB00384	Triamterene
DB00385	Valrubicin
DB00387	Procyclidine
DB00388	Phenylephrine
DB00389	Carbimazole
DB00390	Digoxin
DB00391	Sulpiride
DB00393	Nimodipine
DB00394	Beclomethasone dipropionate
DB00395	Carisoprodol
DB00396	Progesterone
DB00397	Phenylpropanolamine
DB00398	Sorafenib
DB00399	Zoledronic acid
DB00400	Griseofulvin
DB00401	Nisoldipine
DB00402	Eszopiclone
DB00404	Alprazolam
DB00405	Dexbrompheniramine
DB00406	Gentian Violet
DB00408	Loxapine
DB00410	Mupirocin
DB00411	Carbachol
DB00413	Pramipexole
DB00415	Ampicillin
DB00417	Phenoxymethylpenicillin
DB00418	Secobarbital
DB00419	Miglustat
DB00420	Promazine
DB00421	Spironolactone
DB00422	Methylphenidate
DB00423	Methocarbamol
DB00424	Hyoscyamine
DB00425	Zolpidem
DB00426	Famciclovir
DB00427	Triprolidine
DB00429	Carboprost Tromethamine
DB00431	Lindane
DB00432	Trifluridine
DB00433	Prochlorperazine
DB00434	Cyproheptadine
DB00435	Nitric Oxide
DB00436	Bendroflumethiazide
DB00437	Allopurinol
DB00438	Ceftazidime
DB00440	Trimethoprim
DB00441	Gemcitabine
DB00442	Entecavir
DB00443	Betamethasone
DB00444	Teniposide
DB00445	Epirubicin
DB00446	Chloramphenicol
DB00448	Lansoprazole
DB00449	Dipivefrin
DB00451	Levothyroxine
DB00454	Pethidine
DB00455	Loratadine
DB00456	Cefalotin
DB00457	Prazosin
DB00458	Imipramine
DB00459	Acitretin
DB00460	Verteporfin
DB00461	Nabumetone
DB00462	Methylscopolamine bromide
DB00464	Sodium Tetradecyl Sulfate
DB00465	Ketorolac
DB00467	Enoxacin
DB00468	Quinine
DB00469	Tenoxicam
DB00471	Montelukast
DB00472	Fluoxetine
DB00475	Chlordiazepoxide
DB00476	Duloxetine
DB00477	Chlorpromazine
DB00478	Rimantadine
DB00479	Amikacin
DB00480	Lenalidomide
DB00481	Raloxifene
DB00482	Celecoxib
DB00484	Brimonidine
DB00485	Dicloxacillin
DB00488	Altretamine
DB00490	Buspirone
DB00491	Miglitol
DB00492	Fosinopril
DB00493	Cefotaxime
DB00494	Entacapone
DB00495	Zidovudine
DB00496	Darifenacin
DB00497	Oxycodone
DB00499	Flutamide
DB00500	Tolmetin
DB00501	Cimetidine
DB00502	Haloperidol
DB00503	Ritonavir
DB00507	Nitazoxanide
DB00508	Triflupromazine
DB00509	Dextrothyroxine
DB00512	Vancomycin
DB00514	Dextromethorphan
DB00515	Cisplatin
DB00517	Anisotropine Methylbromide
DB00518	Albendazole
DB00519	Trandolapril
DB00520	Caspofungin
DB00521	Carteolol
DB00524	Metolazone
DB00525	Tolnaftate
DB00526	Oxaliplatin
DB00527	Cinchocaine
DB00528	Lercanidipine
DB00530	Erlotinib
DB00531	Cyclophosphamide
DB00535	Cefdinir
DB00536	Guanidine
DB00537	Ciprofloxacin
DB00539	Toremifene
DB00540	Nortriptyline
DB00541	Vincristine
DB00542	Benazepril
DB00543	Amoxapine
DB00544	Fluorouracil
DB00545	Pyridostigmine
DB00547	Desoximetasone
DB00548	Azelaic Acid
DB00549	Zafirlukast
DB00550	Propylthiouracil
DB00551	Acetohydroxamic Acid
DB00552	Pentostatin
DB00553	Methoxsalen
DB00554	Piroxicam
DB00555	Lamotrigine
DB00557	Hydroxyzine
DB00558	Zanamivir
DB00559	Bosentan
DB00560	Tigecycline
DB00561	Doxapram
DB00563	Methotrexate
DB00564	Carbamazepine
DB00566	Succimer
DB00567	Cephalexin
DB00568	Cinnarizine
DB00569	Fondaparinux sodium
DB00570	Vinblastine
DB00571	Propranolol
DB00573	Fenoprofen
DB00575	Clonidine
DB00576	Sulfamethizole
DB00577	Valaciclovir
DB00578	Carbenicillin
DB00579	Mazindol
DB00581	Lactulose
DB00582	Voriconazole
DB00583	L-Carnitine
DB00584	Enalapril
DB00585	Nizatidine
DB00586	Diclofenac
DB00588	Fluticasone Propionate
DB00589	Lisuride
DB00590	Doxazosin
DB00591	Fluocinolone Acetonide
DB00592	Piperazine
DB00593	Ethosuximide
DB00594	Amiloride
DB00595	Oxytetracycline
DB00596	Ulobetasol
DB00598	Labetalol
DB00599	Thiopental
DB00601	Linezolid
DB00602	Ivermectin
DB00603	Medroxyprogesterone acetate
DB00604	Cisapride
DB00605	Sulindac
DB00607	Nafcillin
DB00608	Chloroquine
DB00609	Ethionamide
DB00611	Butorphanol
DB00612	Bisoprolol
DB00615	Rifabutin
DB00617	Paramethadione
DB00618	Demeclocycline
DB00619	Imatinib
DB00620	Triamcinolone
DB00622	Nicardipine
DB00623	Fluphenazine
DB00624	Testosterone
DB00625	Efavirenz
DB00626	Bacitracin
DB00627	Niacin
DB00628	Clorazepate
DB00629	Guanabenz
DB00630	Alendronic acid
DB00631	Clofarabine
DB00632	Docosanol
DB00634	Sulfacetamide
DB00635	Prednisone
DB00636	Clofibrate
DB00637	Astemizole
DB00639	Butoconazole
DB00640	Adenosine
DB00641	Simvastatin
DB00642	Pemetrexed
DB00643	Mebendazole
DB00644	Gonadorelin
DB00645	Dyclonine
DB00646	Nystatin
DB00647	Dextropropoxyphene
DB00648	Mitotane
DB00649	Stavudine
DB00650	Leucovorin
DB00651	Dyphylline
DB00652	Pentazocine
DB00653	Magnesium Sulfate
DB00654	Latanoprost
DB00655	Estrone
DB00656	Trazodone
DB00657	Mecamylamine
DB00659	Acamprosate
DB00660	Metaxalone
DB00661	Verapamil
DB00662	Trimethobenzamide
DB00663	Flumethasone
DB00665	Nilutamide
DB00666	Nafarelin
DB00667	Histamine Phosphate
DB00668	Epinephrine
DB00669	Sumatriptan
DB00670	Pirenzepine
DB00671	Cefixime
DB00672	Chlorpropamide
DB00673	Aprepitant
DB00674	Galantamine
DB00675	Tamoxifen
DB00678	Losartan
DB00679	Thioridazine
DB00680	Moricizine
DB00681	Amphotericin B
DB00682	Warfarin
DB00683	Midazolam
DB00684	Tobramycin
DB00685	Trovafloxacin
DB00686	Pentosan Polysulfate
DB00687	Fludrocortisone
DB00690	Flurazepam
DB00691	Moexipril
DB00692	Phentolamine
DB00694	Daunorubicin
DB00695	Furosemide
DB00696	Ergotamine
DB00697	Tizanidine
DB00698	Nitrofurantoin
DB00700	Eplerenone
DB00701	Amprenavir
DB00703	Methazolamide
DB00704	Naltrexone
DB00705	Delavirdine
DB00706	Tamsulosin
DB00707	Porfimer
DB00708	Sufentanil
DB00709	Lamivudine
DB00710	Ibandronate
DB00711	Diethylcarbamazine
DB00712	Flurbiprofen
DB00713	Oxacillin
DB00714	Apomorphine
DB00715	Paroxetine
DB00716	Nedocromil
DB00717	Norethisterone
DB00718	Adefovir Dipivoxil
DB00719	Azatadine
DB00722	Lisinopril
DB00723	Methoxamine
DB00724	Imiquimod
DB00725	Homatropine Methylbromide
DB00726	Trimipramine
DB00727	Nitroglycerin
DB00730	Thiabendazole
DB00731	Nateglinide
DB00733	Pralidoxime
DB00734	Risperidone
DB00735	Naftifine
DB00736	Esomeprazole
DB00737	Meclizine
DB00738	Pentamidine
DB00740	Riluzole
DB00741	Hydrocortisone
DB00742	Mannitol
DB00744	Zileuton
DB00745	Modafinil
DB00746	Deferoxamine
DB00747	Scopolamine
DB00748	Carbinoxamine
DB00749	Etodolac
DB00750	Prilocaine
DB00751	Epinastine
DB00752	Tranylcypromine
DB00754	Ethotoin
DB00755	Tretinoin
DB00757	Dolasetron
DB00758	Clopidogrel
DB00759	Tetracycline
DB00760	Meropenem
DB00761	Potassium Chloride
DB00762	Irinotecan
DB00763	Methimazole
DB00764	Mometasone
DB00765	Metyrosine
DB00766	Clavulanate
DB00768	Olopatadine
DB00770	Alprostadil
DB00771	Clidinium
DB00772	Malathion
DB00773	Etoposide
DB00774	Hydroflumethiazide
DB00775	Tirofiban
DB00776	Oxcarbazepine
DB00780	Phenelzine
DB00781	Polymyxin B Sulfate
DB00782	Propantheline
DB00783	Estradiol
DB00784	Mefenamic acid
DB00787	Aciclovir
DB00788	Naproxen
DB00790	Perindopril
DB00791	Uracil mustard
DB00792	Tripelennamine
DB00793	Haloprogin
DB00794	Primidone
DB00795	Sulfasalazine
DB00796	Candesartan
DB00797	Tolazoline
DB00798	Gentamicin
DB00799	Tazarotene
DB00800	Fenoldopam
DB00801	Halazepam
DB00803	Colistin
DB00804	Dicyclomine
DB00806	Pentoxifylline
DB00808	Indapamide
DB00809	Tropicamide
DB00810	Biperiden
DB00811	Ribavirin
DB00813	Fentanyl
DB00814	Meloxicam
DB00816	Orciprenaline
DB00819	Acetazolamide
DB00820	Tadalafil
DB00822	Disulfiram
DB00825	Menthol
DB00826	Natamycin
DB00827	Cinoxacin
DB00828	Fosfomycin
DB00829	Diazepam
DB00830	Phenmetrazine
DB00831	Trifluoperazine
DB00832	Phensuximide
DB00833	Cefaclor
DB00834	Mifepristone
DB00835	Brompheniramine
DB00836	Loperamide
DB00838	Clocortolone
DB00839	Tolazamide
DB00841	Dobutamine
DB00842	Oxazepam
DB00843	Donepezil
DB00844	Nalbuphine
DB00845	Clofazimine
DB00846	Flurandrenolide
DB00847	Cysteamine
DB00849	Methylphenobarbital
DB00850	Perphenazine
DB00851	Dacarbazine
DB00852	Pseudoephedrine
DB00853	Temozolomide
DB00854	Levorphanol
DB00855	Aminolevulinic acid
DB00856	Chlorphenesin
DB00857	Terbinafine
DB00858	Drostanolone
DB00859	Penicillamine
DB00860	Prednisolone
DB00861	Diflunisal
DB00862	Vardenafil
DB00863	Ranitidine
DB00864	Tacrolimus
DB00865	Benzphetamine
DB00867	Ritodrine
DB00868	Benzonatate
DB00869	Dorzolamide
DB00871	Terbutaline
DB00872	Conivaptan
DB00873	Loteprednol
DB00874	Guaifenesin
DB00875	Flupentixol
DB00876	Eprosartan
DB00877	Sirolimus
DB00878	Chlorhexidine
DB00879	Emtricitabine
DB00880	Chlorothiazide
DB00881	Quinapril
DB00882	Clomifene
DB00883	Isosorbide Dinitrate
DB00884	Risedronate
DB00885	Pemirolast
DB00887	Bumetanide
DB00888	Mechlorethamine
DB00889	Granisetron
DB00890	Dienestrol
DB00891	Sulfapyridine
DB00894	Testolactone
DB00896	Rimexolone
DB00897	Triazolam
DB00899	Remifentanil
DB00900	Didanosine
DB00902	Methdilazine
DB00903	Etacrynic acid
DB00904	Ondansetron
DB00905	Bimatoprost
DB00906	Tiagabine
DB00908	Quinidine
DB00911	Tinidazole
DB00912	Repaglinide
DB00915	Amantadine
DB00916	Metronidazole
DB00917	Dinoprostone
DB00918	Almotriptan
DB00919	Spectinomycin
DB00920	Ketotifen
DB00921	Buprenorphine
DB00922	Levosimendan
DB00924	Cyclobenzaprine
DB00925	Phenoxybenzamine
DB00927	Famotidine
DB00929	Misoprostol
DB00930	Colesevelam
DB00931	Methacycline
DB00932	Tipranavir
DB00933	Mesoridazine
DB00934	Maprotiline
DB00935	Oxymetazoline
DB00936	Salicylic acid
DB00937	Diethylpropion
DB00938	Salmeterol
DB00939	Meclofenamic acid
DB00940	Methantheline
DB00942	Cycrimine
DB00943	Zalcitabine
DB00945	Acetylsalicylic acid
DB00946	Phenprocoumon
DB00948	Mezlocillin
DB00949	Felbamate
DB00950	Fexofenadine
DB00951	Isoniazid
DB00952	Naratriptan
DB00953	Rizatriptan
DB00954	Dirithromycin
DB00956	Hydrocodone
DB00957	Norgestimate
DB00958	Carboplatin
DB00959	Methylprednisolone
DB00960	Pindolol
DB00962	Zaleplon
DB00963	Bromfenac
DB00964	Apraclonidine
DB00966	Telmisartan
DB00967	Desloratadine
DB00968	Methyldopa
DB00969	Alosetron
DB00970	Dactinomycin
DB00971	Selenium Sulfide
DB00972	Azelastine
DB00973	Ezetimibe
DB00974	Edetic Acid
DB00975	Dipyridamole
DB00976	Telithromycin
DB00977	Ethinyl Estradiol
DB00978	Lomefloxacin
DB00979	Cyclopentolate
DB00980	Ramelteon
DB00981	Physostigmine
DB00982	Isotretinoin
DB00983	Formoterol
DB00985	Dimenhydrinate
DB00986	Glycopyrronium
DB00987	Cytarabine
DB00988	Dopamine
DB00989	Rivastigmine
DB00991	Oxaprozin
DB00993	Azathioprine
DB00994	Neomycin
DB00995	Auranofin
DB00996	Gabapentin
DB00997	Doxorubicin
DB00998	Frovatriptan
DB00999	Hydrochlorothiazide
DB01000	Cyclacillin
DB01001	Salbutamol
DB01003	Cromoglicic acid
DB01004	Ganciclovir
DB01005	Hydroxyurea
DB01007	Tioconazole
DB01008	Busulfan
DB01009	Ketoprofen
DB01013	Clobetasol propionate
DB01014	Balsalazide
DB01015	Sulfamethoxazole
DB01016	Glyburide
DB01017	Minocycline
DB01018	Guanfacine
DB01019	Bethanechol
DB01020	Isosorbide Mononitrate
DB01021	Trichlormethiazide
DB01022	Phylloquinone
DB01023	Felodipine
DB01025	Amlexanox
DB01026	Ketoconazole
DB01029	Irbesartan
DB01030	Topotecan
DB01031	Ethinamate
DB01032	Probenecid
DB01033	Mercaptopurine
DB01036	Tolterodine
DB01037	Selegiline
DB01039	Fenofibrate
DB01041	Thalidomide
DB01042	Melphalan
DB01044	Gatifloxacin
DB01045	Rifampicin
DB01046	Lubiprostone
DB01047	Fluocinonide
DB01048	Abacavir
DB01049	Ergoloid mesylate
DB01050	Ibuprofen
DB01053	Benzylpenicillin
DB01056	Tocainide
DB01057	Echothiophate
DB01058	Praziquantel
DB01059	Norfloxacin
DB01060	Amoxicillin
DB01061	Azlocillin
DB01062	Oxybutynin
DB01063	Acetophenazine
DB01064	Isoprenaline
DB01065	Melatonin
DB01066	Cefditoren
DB01067	Glipizide
DB01068	Clonazepam
DB01069	Promethazine
DB01070	Dihydrotachysterol
DB01072	Atazanavir
DB01075	Diphenhydramine
DB01076	Atorvastatin
DB01077	Etidronic acid
DB01080	Vigabatrin
DB01081	Diphenoxylate
DB01082	Streptomycin
DB01083	Orlistat
DB01084	Emedastine
DB01085	Pilocarpine
DB01086	Benzocaine
DB01087	Primaquine
DB01088	Iloprost
DB01091	Butenafine
DB01093	Dimethyl sulfoxide
DB01095	Fluvastatin
DB01096	Oxamniquine
DB01097	Leflunomide
DB01098	Rosuvastatin
DB01100	Pimozide
DB01101	Capecitabine
DB01103	Quinacrine
DB01104	Sertraline
DB01105	Sibutramine
DB01106	Levocabastine
DB01107	Methyprylon
DB01108	Trilostane
DB01109	Heparin
DB01110	Miconazole
DB01111	Colistimethate
DB01112	Cefuroxime
DB01113	Papaverine
DB01114	Chlorphenamine
DB01115	Nifedipine
DB01116	Trimethaphan
DB01117	Atovaquone
DB01118	Amiodarone
DB01119	Diazoxide
DB01120	Gliclazide
DB01121	Phenacemide
DB01122	Ambenonium
DB01124	Tolbutamide
DB01126	Dutasteride
DB01127	Econazole
DB01128	Bicalutamide
DB01129	Rabeprazole
DB01130	Prednicarbate
DB01131	Proguanil
DB01132	Pioglitazone
DB01133	Tiludronate
DB01136	Carvedilol
DB01137	Levofloxacin
DB01138	Sulfinpyrazone
DB01139	Cefapirin
DB01140	Cefadroxil
DB01141	Micafungin
DB01142	Doxepin
DB01144	Diclofenamide
DB01146	Diphenylpyraline
DB01147	Cloxacillin
DB01148	Flavoxate
DB01149	Nefazodone
DB01150	Cefprozil
DB01151	Desipramine
DB01153	Sertaconazole
DB01155	Gemifloxacin
DB01156	Bupropion
DB01158	Bretylium
DB01160	Dinoprost Tromethamine
DB01162	Terazosin
DB01164	Calcium Chloride
DB01165	Ofloxacin
DB01166	Cilostazol
DB01167	Itraconazole
DB01168	Procarbazine
DB01169	Arsenic trioxide
DB01170	Guanethidine
DB01171	Moclobemide
DB01172	Kanamycin
DB01173	Orphenadrine
DB01174	Phenobarbital
DB01175	Escitalopram
DB01176	Cyclizine
DB01177	Idarubicin
DB01178	Chlormezanone
DB01179	Podofilox
DB01181	Ifosfamide
DB01182	Propafenone
DB01183	Naloxone
DB01184	Domperidone
DB01185	Fluoxymesterone
DB01186	Pergolide
DB01188	Ciclopirox
DB01190	Clindamycin
DB01191	Dexfenfluramine
DB01192	Oxymorphone
DB01193	Acebutolol
DB01194	Brinzolamide
DB01195	Flecainide
DB01196	Estramustine
DB01197	Captopril
DB01198	Zopiclone
DB01200	Bromocriptine
DB01201	Rifapentine
DB01202	Levetiracetam
DB01203	Nadolol
DB01204	Mitoxantrone
DB01206	Lomustine
DB01208	Sparfloxacin
DB01209	Dezocine
DB01210	Levobunolol
DB01211	Clarithromycin
DB01212	Ceftriaxone
DB01213	Fomepizole
DB01214	Metipranolol
DB01216	Finasteride
DB01217	Anastrozole
DB01218	Halofantrine
DB01219	Dantrolene
DB01220	Rifaximin
DB01222	Budesonide
DB01223	Aminophylline
DB01224	Quetiapine
DB01225	Enoxaparin
DB01227	Levomethadyl Acetate
DB01228	Encainide
DB01229	Paclitaxel
DB01231	Diphenidol
DB01232	Saquinavir
DB01233	Metoclopramide
DB01234	Dexamethasone
DB01235	Levodopa
DB01237	Bromodiphenhydramine
DB01238	Aripiprazole
DB01239	Chlorprothixene
DB01240	Epoprostenol
DB01241	Gemfibrozil
DB01242	Clomipramine
DB01243	Chloroxine
DB01244	Bepridil
DB01246	Alimemazine
DB01247	Isocarboxazid
DB01248	Docetaxel
DB01250	Olsalazine
DB01251	Gliquidone
DB01252	Mitiglinide
DB01253	Ergonovine
DB01254	Dasatinib
DB01255	Lisdexamfetamine
DB01256	Retapamulin
DB01257	Eculizumab
DB01260	Desonide
DB01261	Sitagliptin
DB01262	Decitabine
DB01263	Posaconazole
DB01264	Darunavir
DB01265	Telbivudine
DB01266	Sinecatechins
DB01267	Paliperidone
DB01268	Sunitinib
DB01269	Panitumumab
DB01270	Ranibizumab
DB01271	Idursulfase
DB01272	Alglucosidase alfa
DB01274	Arformoterol
DB01275	Hydralazine
DB01277	Mecasermin
DB01279	Galsulfase
DB01280	Nelarabine
DB01281	Abatacept
DB01282	Carbetocin
DB01283	Lumiracoxib
DB01285	Corticotropin
DB01289	Glisoxepide
DB01291	Pirbuterol
DB01294	Bismuth Subsalicylate
DB01306	Insulin Aspart
DB01307	Insulin Detemir
DB01309	Insulin Glulisine
DB01319	Fosamprenavir
DB01320	Fosphenytoin
DB01324	Polythiazide
DB01326	Cefamandole
DB01327	Cefazolin
DB01328	Cefonicid
DB01330	Cefotetan
DB01331	Cefoxitin
DB01332	Ceftizoxime
DB01333	Cefradine
DB01340	Cilazapril
DB01344	Polystyrene sulfonate
DB01348	Spirapril
DB01349	Tasosartan
DB01351	Amobarbital
DB01352	Aprobarbital
DB01353	Butethal
DB01356	Lithium
DB01357	Mestranol
DB01359	Penbutolol
DB01361	Troleandomycin
DB01364	Ephedrine
DB01365	Mephentermine
DB01367	Rasagiline
DB01369	Quinupristin
DB01377	Magnesium oxide
DB01380	Cortisone acetate
DB01382	Glycodiazine
DB01393	Bezafibrate
DB01394	Colchicine
DB01395	Drospirenone
DB01397	Magnesium salicylate
DB01399	Salsalate
DB01400	Neostigmine
DB01406	Danazol
DB01409	Tiotropium
DB01410	Ciclesonide
DB01411	Pranlukast
DB01413	Cefepime
DB01415	Ceftibuten
DB01416	Cefpodoxime
DB01420	Testosterone Propionate
DB01421	Paromomycin
DB01427	Amrinone
DB01429	Aprindine
DB01430	Almitrine
DB01432	Cholestyramine
DB01433	Methadyl Acetate
DB01435	Antipyrine
DB01436	Alfacalcidol
DB01437	Glutethimide
DB01438	Phenazopyridine
DB01440	Gamma Hydroxybutyric Acid
DB01452	Heroin
DB01501	Difenoxin
DB01545	Ethyl loflazepate
DB01550	Fenproporex
DB01551	Dihydrocodeine
DB01563	Chloral hydrate
DB01576	Dextroamphetamine
DB01577	Methamphetamine
DB01579	Phendimetrazine
DB01580	Oxprenolol
DB01586	Ursodeoxycholic acid
DB01588	Prazepam
DB01589	Quazepam
DB01590	Everolimus
DB01591	Solifenacin
DB01592	Iron
DB01595	Nitrazepam
DB01597	Cilastatin
DB01598	Imipenem
DB01599	Probucol
DB01600	Tiaprofenic acid
DB01601	Lopinavir
DB01602	Bacampicillin
DB01603	Meticillin
DB01606	Tazobactam
DB01607	Ticarcillin
DB01609	Deferasirox
DB01611	Hydroxychloroquine
DB01612	Amyl Nitrite
DB01615	Aceprometazine
DB01618	Molindone
DB01619	Phenindamine
DB01620	Pheniramine
DB01621	Pipotiazine
DB01623	Thiothixene
DB01625	Isopropamide
DB01626	Pargyline
DB01627	Lincomycin
DB01656	Roflumilast
DB01744	Camphor
DB01764	Dalfopristin
DB02300	Calcipotriol
DB02546	Vorinostat
DB02659	Cholic Acid
DB02701	Nicotinamide
DB02703	Fusidic Acid
DB03166	Acetic acid
DB03209	Oteracil
DB03255	Phenol
DB03404	Hemin
DB03619	Deoxycholic Acid
DB03793	Benzoic Acid
DB03843	Formaldehyde
DB03904	Urea
DB04398	Lactic Acid
DB04465	Lactose
DB04571	Trioxsalen
DB04572	Thiotepa
DB04574	Estrone sulfate
DB04575	Quinestrol
DB04786	Suramin
DB04837	Clofedanol
DB04842	Fluspirilene
DB04843	Mepenzolate
DB04845	Ixabepilone
DB04846	Celiprolol
DB04854	Febuxostat
DB04855	Dronedarone
DB04861	Nebivolol
DB04865	Homoharringtonine
DB04868	Nilotinib
DB04871	Lorcaserin
DB04876	Vildagliptin
DB04878	Voglibose
DB04890	Bepotastine
DB04895	Pegaptanib
DB04896	Milnacipran
DB04897	Lucinactant
DB04899	Nesiritide
DB04908	Flibanserin
DB04911	Oritavancin
DB04920	Clevidipine
DB04930	Permethrin
DB04931	Afamelanotide
DB04932	Defibrotide
DB04938	Ospemifene
DB04941	Crofelemer
DB04942	Tamibarotene
DB04946	Iloperidone
DB04948	Lofexidine
DB05013	Ingenol Mebutate
DB05015	Belinostat
DB05016	Ataluren
DB05109	Trabectedin
DB05239	Cobimetinib
DB05245	Silver sulfadiazine
DB05246	Methsuximide
DB05259	Glatiramer Acetate
DB05265	Ecabet
DB05266	Ibudilast
DB05271	Rotigotine
DB05294	Vandetanib
DB05311	Ecallantide
DB05332	Romiplostim
DB05336	Obiltoxaximab
DB05521	Telaprevir
DB05528	Mipomersen
DB05578	Ramucirumab
DB05630	Sodium stibogluconate
DB05676	Apremilast
DB05679	Ustekinumab
DB05773	Trastuzumab emtansine
DB05812	Abiraterone
DB05829	Parathyroid hormone
DB06016	Cariprazine
DB06144	Sertindole
DB06147	Sulfathiazole
DB06148	Mianserin
DB06151	Acetylcysteine
DB06155	Rimonabant
DB06168	Canakinumab
DB06176	Romidepsin
DB06186	Ipilimumab
DB06196	Icatibant
DB06201	Rufinamide
DB06203	Alogliptin
DB06204	Tapentadol
DB06207	Silodosin
DB06209	Prasugrel
DB06210	Eltrombopag
DB06211	Doripenem
DB06212	Tolvaptan
DB06216	Asenapine
DB06219	Dalbavancin
DB06237	Avanafil
DB06243	Eflornithine
DB06255	Incadronic acid
DB06262	Droxidopa
DB06267	Udenafil
DB06268	Sitaxentan
DB06273	Tocilizumab
DB06274	Alvimopan
DB06282	Levocetirizine
DB06283	Ziconotide
DB06285	Teriparatide
DB06287	Temsirolimus
DB06288	Amisulpride
DB06290	Simeprevir
DB06292	Dapagliflozin
DB06317	Elotuzumab
DB06335	Saxagliptin
DB06366	Pertuzumab
DB06372	Rilonacept
DB06401	Bazedoxifene
DB06402	Telavancin
DB06403	Ambrisentan
DB06412	Oxymetholone
DB06413	Armodafinil
DB06414	Etravirine
DB06415	Calfactant
DB06439	Tyloxapol
DB06480	Prucalopride
DB06589	Pazopanib
DB06590	Ceftaroline fosamil
DB06594	Agomelatine
DB06603	Panobinostat
DB06605	Apixaban
DB06612	Mepolizumab
DB06614	Peramivir
DB06616	Bosutinib
DB06626	Axitinib
DB06636	Isavuconazonium
DB06637	Dalfampridine
DB06643	Denosumab
DB06650	Ofatumumab
DB06655	Liraglutide
DB06663	Pasireotide
DB06674	golimumab
DB06681	Belatacept
DB06684	Vilazodone
DB06691	Mepyramine
DB06692	Aprotinin
DB06694	Xylometazoline
DB06698	Betahistine
DB06700	Desvenlafaxine
DB06701	Dexmethylphenidate
DB06702	Fesoterodine
DB06708	Lumefantrine
DB06710	Methyltestosterone
DB06711	Naphazoline
DB06715	Potassium Iodide
DB06717	Fosaprepitant
DB06718	Stanozolol
DB06720	Velaglucerase alfa
DB06723	Aluminum hydroxide
DB06724	Calcium carbonate
DB06725	Lornoxicam
DB06742	Ambroxol
DB06756	Glycine betaine
DB06760	Sacrosidase
DB06761	Beractant
DB06764	Tetryzoline
DB06766	Alcaftadine
DB06767	Ammonium chloride
DB06768	Ammonium lactate
DB06769	Bendamustine
DB06770	Benzyl alcohol
DB06771	Besifloxacin
DB06772	Cabazitaxel
DB06774	Capsaicin
DB06777	Chenodeoxycholic acid
DB06782	Dimercaprol
DB06783	Prussian blue
DB06786	Halcinonide
DB06788	Histrelin
DB06791	Lanreotide
DB06794	Lodoxamide
DB06799	Hexamethylenetetramine
DB06800	Methylnaltrexone
DB06803	Niclosamide
DB06809	Plerixafor
DB06811	Polidocanol
DB06813	Pralatrexate
DB06817	Raltegravir
DB06819	Sodium phenylbutyrate
DB06820	Sulconazole
DB06823	Tiopronin
DB06824	Triethylenetetramine
DB06826	Unoprostone
DB07615	Tranilast
DB08439	Parecoxib
DB08792	Diloxanide
DB08795	Azidocillin
DB08797	Salicylamide
DB08799	Antazoline
DB08804	Nandrolone decanoate
DB08806	Roxatidine acetate
DB08808	Bupranolol
DB08815	Lurasidone
DB08816	Ticagrelor
DB08819	Tafluprost
DB08820	Ivacaftor
DB08822	Azilsartan medoxomil
DB08823	Spinosad
DB08826	Deferiprone
DB08827	Lomitapide
DB08828	Vismodegib
DB08860	Pitavastatin
DB08864	Rilpivirine
DB08867	Ulipristal
DB08868	Fingolimod
DB08869	Tesamorelin
DB08870	Brentuximab vedotin
DB08871	Eribulin
DB08872	gabapentin enacarbil
DB08873	Boceprevir
DB08874	Fidaxomicin
DB08875	Cabozantinib
DB08877	Ruxolitinib
DB08879	Belimumab
DB08880	Teriflunomide
DB08882	Linagliptin
DB08885	Aflibercept
DB08887	Icosapent ethyl
DB08888	Ocriplasmin
DB08889	Carfilzomib
DB08890	Linaclotide
DB08893	Mirabegron
DB08894	Peginesatide
DB08895	Tofacitinib
DB08896	Regorafenib
DB08897	Aclidinium
DB08899	Enzalutamide
DB08900	Teduglutide
DB08901	Ponatinib
DB08902	Raxibacumab
DB08903	Bedaquiline
DB08904	Certolizumab pegol
DB08905	Formestane
DB08906	Fluticasone furoate
DB08907	Canagliflozin
DB08908	Dimethyl fumarate
DB08909	Glycerol Phenylbutyrate
DB08910	Pomalidomide
DB08911	Trametinib
DB08912	Dabrafenib
DB08913	Radium Ra 223 Dichloride
DB08916	Afatinib
DB08917	Ferric Carboxymaltose
DB08918	Levomilnacipran
DB08922	Perospirone
DB08923	Epoetin Zeta
DB08930	Dolutegravir
DB08931	Riociguat
DB08932	Macitentan
DB08933	Luliconazole
DB08934	Sofosbuvir
DB08935	Obinutuzumab
DB08936	Chlorcyclizine
DB08941	Isoxsuprine
DB08976	Floctafenine
DB08984	Etofenamate
DB08993	Enviomycin
DB08998	Demexiptiline
DB09014	Captodiame
DB09016	Butriptyline
DB09020	Bisacodyl
DB09026	Aliskiren
DB09027	Ledipasvir
DB09029	Secukinumab
DB09030	Vorapaxar
DB09031	Miltefosine
DB09033	Vedolizumab
DB09034	Suvorexant
DB09035	Nivolumab
DB09036	Siltuximab
DB09037	Pembrolizumab
DB09038	Empagliflozin
DB09039	Eliglustat
DB09040	Efinaconazole
DB09041	Tavaborole
DB09042	Tedizolid Phosphate
DB09043	Albiglutide
DB09045	Dulaglutide
DB09046	Metreleptin
DB09047	Finafloxacin
DB09048	Netupitant
DB09049	Naloxegol
DB09050	Ceftolozane
DB09051	Elosulfase alfa
DB09052	Blinatumomab
DB09053	Ibrutinib
DB09054	Idelalisib
DB09060	Avibactam
DB09065	Cobicistat
DB09068	Vortioxetine
DB09071	Tasimelteon
DB09072	Sodium oxybate
DB09073	Palbociclib
DB09074	Olaparib
DB09075	Edoxaban
DB09076	Umeclidinium
DB09077	Dinutuximab
DB09078	Lenvatinib
DB09079	Nintedanib
DB09080	Olodaterol
DB09081	Idebenone
DB09082	Vilanterol
DB09083	Ivabradine
DB09084	Benzydamine
DB09085	Tetracaine
DB09087	Potassium alum
DB09093	Chlortetracycline
DB09096	Benzoyl peroxide
DB09101	Elvitegravir
DB09102	Daclatasvir
DB09104	Magnesium hydroxide
DB09105	Asfotase Alfa
DB09107	Methoxy polyethylene glycol-epoetin beta
DB09109	Turoctocog alfa
DB09110	Mesna
DB09112	Sodium Nitrite
DB09113	Poractant alfa
DB09114	Colfosceril palmitate
DB09115	Diiodohydroxyquinoline
DB09118	Stiripentol
DB09122	Peginterferon beta-1a
DB09125	Potassium Citrate
DB09127	Disodium phosphate
DB09128	Brexpiprazole
DB09141	Protamine sulfate
DB09143	Sonidegib
DB09144	Uridine triacetate
DB09146	Sucroferric Oxyhydroxide
DB09152	Nitrogen
DB09154	Sodium Citrate
DB09162	Ferric Citrate
DB09166	Etizolam
DB09167	Dosulepin
DB09183	Dasabuvir
DB09185	Viloxazine
DB09198	Lobeglitazone
DB09205	Moxisylyte
DB09212	Loxoprofen
DB09213	Dexibuprofen
DB09221	Polaprezinc
DB09223	Blonanserin
DB09228	Conestat alfa
DB09229	Aranidipine
DB09230	Azelnidipine
DB09235	Efonidipine
DB09244	Pirlindole
DB09245	Toloxatone
DB09256	Tegafur
DB09257	Gimeracil
DB09258	Bemiparin
DB09262	Imidafenacin
DB09263	Patiromer
DB09264	Idarucizumab
DB09265	Lixisenatide
DB09267	Strontium ranelate
DB09269	Phenylacetic acid
DB09272	Eluxadoline
DB09274	Artesunate
DB09276	Sodium aurothiomalate
DB09279	Fimasartan
DB09281	Magnesium Trisilicate
DB09287	Polyethylene glycol
DB09290	Ramosetron
DB09291	Rolapitant
DB09292	Sacubitril
DB09293	Sodium Iodide I-131
DB09296	Ombitasvir
DB09297	Paritaprevir
DB09299	Tenofovir alafenamide
DB09300	Scopolamine butylbromide
DB09302	Alirocumab
DB09303	Evolocumab
DB09310	Coagulation Factor XIII A-Subunit (Recombinant)
DB09320	Procaine benzylpenicillin
DB09321	Zinc oxide
DB09322	Zinc sulfate
DB09323	Benzathine benzylpenicillin
DB09324	Sulbactam
DB09325	Sodium fluoride
DB09330	Osimertinib
DB09331	Daratumumab
DB09332	Kappadione
DB09343	Tipiracil
DB09345	Pramocaine
DB09350	Piperonyl butoxide
DB09351	Levobetaxolol
DB09352	Hydroxyamphetamine hydrobromide
DB09353	Sulfur
DB09357	Dexpanthenol
DB09389	Norgestrel
DB09396	Propoxyphene napsylate
DB09407	Magnesium chloride
DB09449	Sodium phosphate
DB09462	Glycerin
DB09468	Sodium phosphate, dibasic, heptahydrate
DB09469	Sodium phosphate, monobasic, anhydrous
DB09472	Sodium sulfate
DB09477	Enalaprilat
DB09481	Magnesium carbonate
DB09485	Cysteine hydrochloride
DB09488	Acrivastine
DB09496	Octinoxate
DB09499	Sodium thiosulfate
DB09512	Simethicone
DB09517	Sodium ferric gluconate complex
DB09525	Sodium phosphate, monobasic, monohydrate
DB09526	Hydroquinone
DB09543	Methyl salicylate
DB09552	Thonzonium bromide
DB09555	Dexchlorpheniramine maleate
DB09559	Necitumumab
DB09560	Filgrastim-sndz
DB09564	Insulin Degludec
DB09568	Omega-3-carboxylic acids
DB09570	Ixazomib
DB09571	Levomethamphetamine
DB11320	Histamine
DB11362	Selexipag
DB11363	Alectinib
DB11365	Senna glycoside
DB11560	Lesinurad
DB11563	Sebelipase alfa
DB11569	Ixekizumab
DB11574	Elbasvir
DB11575	Grazoprevir
DB11581	Venetoclax
DB11582	Thiocolchicoside
DB11591	Bilastine
DB11595	Atezolizumab
DB11596	Levoleucovorin
DB11606	Susoctocog alfa
DB11608	Eftrenonacog alfa
DB00529	Foscarnet
DB01157	Trimetrexate
DB00369	Cidofovir
DB00380	Dexrazoxane
DB01143	Amifostine
DB00688	Mycophenolate mofetil
DB01024	Mycophenolic acid
DB01073	Fludarabine
DB06825	Triptorelin
DB00990	Exemestane
DB01006	Letrozole
DB00054	Abciximab
DB01043	Memantine
DB00947	Fulvestrant
DB00984	Nandrolone phenpropionate
DB00928	Azacitidine
DB01610	Valganciclovir
DB00012	Darbepoetin alfa
DB06441	Cangrelor
DB00907	Cocaine
DB00301	Flucloxacillin
DB06149	Teicoplanin
DB00296	Ropivacaine
DB06789	Hydroxyprogesterone caproate
DB00412	Rosiglitazone
DB09210	Piracetam
DB01221	Ketamine
DB00898	Ethanol
DB00909	Zonisamide
DB01299	Sulfadoxine
DB01276	Exenatide
DB00658	Sevelamer
DB01099	Flucytosine
DB09099	Somatostatin
DB00633	Dexmedetomidine
DB00818	Propofol
DB08801	Dimetindene
DB01259	Lapatinib
DB01278	Pramlintide
DB00292	Etomidate
DB02638	Terlipressin
DB01273	Varenicline
DB01002	Levobupivacaine
DB01236	Sevoflurane
DB00523	Alitretinoin
DB04953	Ezogabine
DB06785	Ganirelix
DB06228	Rivaroxaban
DB06690	Nitrous oxide
DB08842	Acetylcarnitine
DB09119	Eslicarbazepine acetate
DB01054	Nitrendipine
DB00202	Succinylcholine
